Handle,Title,Body (HTML),Vendor,Type,Tags,Published,Option1 Name,Option1 Value,Variant SKU,Variant Price,Variant Compare At Price,Variant Inventory Policy,Image Src,Image Alt Text,Status
monstera-deliciosa,Monstera Deliciosa,"<p>The iconic Swiss Cheese Plant. Deep green, fenestrated leaves that can span 90cm across when mature — each new leaf more dramatic than the last. Native to the tropical forests of southern Mexico, this climbing aroid anchors any indoor jungle.</p><p><strong>Why we love it:</strong> The moment a new leaf unfurls with its first fenestrations is pure plant-parent joy. Give it a moss pole and watch it climb.</p>",Botanica,Indoor Plant,"care-medium, light-medium, pet-toxic, air-purifying, floor-plant, tall-upward, water-weekly, variegated, fast-growing, color-green, size-floor",TRUE,Size,6"" Pot,PLANT-MON-06,4500,5500,continue,https://images.unsplash.com/photo-1614594975525-e45190c55d0b?w=800,Monstera Deliciosa in cream ceramic pot,active
fiddle-leaf-fig,Fiddle Leaf Fig,"<p>The reigning icon of interior design. Huge violin-shaped leaves on a statuesque trunk — Ficus lyrata turns any corner into a focal point. A must-have for bright, airy spaces.</p><p><strong>Why we love it:</strong> When this plant is happy, it rewards you with massive new leaves the size of dinner plates. The ultimate plant-parent flex.</p>",Botanica,Indoor Tree,"care-medium, light-bright, pet-toxic, floor-plant, tall-upward, water-weekly, color-green, size-floor",TRUE,Size,8"" Pot,PLANT-FLF-08,5800,7200,continue,https://images.unsplash.com/photo-1597055181308-54ef08a5ed04?w=800,Fiddle Leaf Fig in bright living room,active
snake-plant-laurentii,Snake Plant Laurentii,"<p>The undisputed champion of low-maintenance greenery. Dracaena trifasciata 'Laurentii' — sword-like leaves with golden-yellow margins that thrive on neglect. NASA-approved air purifier.</p><p><strong>Why we love it:</strong> Travels well, survives offices, tolerates near-darkness, and looks sculptural doing it. The perfect first plant.</p>",Botanica,Indoor Plant,"care-easy, light-low, pet-toxic, air-purifying, shelf-plant, floor-plant, upright-rosette, water-3weeks, beginner, color-green, color-multicolor, size-desk",TRUE,Size,5"" Pot,PLANT-SNL-05,2800,3500,continue,https://images.unsplash.com/photo-1593482892290-f5427c2a1e11?w=800,Snake Plant Laurentii in minimalist pot,active
zz-plant,ZZ Plant,"<p>Zamioculcas zamiifolia — glossy emerald leaves that look almost artificial, emerging from potato-like rhizomes that store water for weeks. Thrives in windowless bathrooms and dim offices.</p><p><strong>Why we love it:</strong> Water it once a month. That's it. The plant that asks nothing and still looks like a million bucks.</p>",Botanica,Indoor Plant,"care-easy, light-low, pet-toxic, shelf-plant, tabletop-plant, upright-rosette, water-3weeks, beginner, color-green, size-desk",TRUE,Size,6"" Pot,PLANT-ZZ-06,3200,4000,continue,https://images.unsplash.com/photo-1632207686063-68f9acf95f82?w=800,ZZ Plant with glossy dark leaves,active
golden-pothos,Golden Pothos,"<p>The cascade champion. Epipremnum aureum — heart-shaped leaves marbled with gold, trailing up to 3 meters. The fastest path to indoor jungle vibes in any room.</p><p><strong>Why we love it:</strong> Propagates in a glass of water. Share cuttings with everyone you know. Watch it conquer your bookshelf.</p>",Botanica,Hanging Plant,"care-easy, light-low, pet-toxic, air-purifying, hanging-plant, vine-trailing, water-weekly, beginner, fast-growing, color-green, color-variegation, size-mini",TRUE,Size,6"" Hanging,PLANT-GPO-06,2400,3000,continue,https://images.unsplash.com/photo-1621751676147-4c8e2b6b16e1?w=800,Golden Pothos trailing from hanging basket,active
peace-lily,Peace Lily,"<p>Spathiphyllum — elegant white spathes rise like sails above glossy dark leaves. Nature's built-in water meter: when it droops dramatically, water it. Within hours, it's standing tall again.</p><p><strong>Why we love it:</strong> The only low-light plant that also blooms. Plus it tells you exactly when it's thirsty — no guesswork.</p>",Botanica,Flowering Plant,"care-medium, light-low, pet-toxic, air-purifying, tabletop-plant, shelf-plant, bushy, water-weekly, flowering, color-white, color-green, size-desk",TRUE,Size,6"" Pot,PLANT-PEL-06,3500,4200,continue,https://images.unsplash.com/photo-1593694232674-3d73d3a9a87e?w=800,Peace Lily with white bloom,active
philodendron-brasil,Philodendron Brasil,"<p>The collector's gateway philodendron — heart-shaped leaves streaked with electric lime variegation. Compact, fast-growing, and endlessly photographable on a shelf or in a hanging basket.</p><p><strong>Why we love it:</strong> No two leaves are alike. Each new unfurl is a surprise — some nearly half-lime, others deep green with a single golden stripe.</p>",Botanica,Indoor Plant,"care-medium, light-medium, pet-toxic, tabletop-plant, hanging-plant, vine-trailing, water-weekly, variegated, fast-growing, color-green, color-variegation, size-desk",TRUE,Size,5"" Pot,PLANT-PHB-05,2800,3500,continue,https://images.unsplash.com/photo-1630304727072-b8c2659a12a0?w=800,Philodendron Brasil with lime stripes,active
bird-of-paradise,White Bird of Paradise,"<p>Strelitzia nicolai — banana-like leaves that can reach 2 meters indoors, creating an instant tropical atrium effect. The plant equivalent of a statement chandelier.</p><p><strong>Why we love it:</strong> Those massive, paddle-shaped leaves transform any room into a luxury hotel lobby. Architectural, dramatic, unforgettable.</p>",Botanica,Indoor Tree,"care-medium, light-bright, pet-toxic, floor-plant, tall-upward, water-weekly, color-green, size-statement",TRUE,Size,10"" Pot,PLANT-BOP-10,8500,10500,continue,https://images.unsplash.com/photo-1603058817250-a45cb9ff4b0e?w=800,White Bird of Paradise in bright corner,active
alocasia-polly,Alocasia Polly,"<p>Amazonian Elephant Ear — dramatically arrow-shaped leaves with electric-white veins on deep jade green. Looks prehistoric, demands tropical humidity and bright filtered light.</p><p><strong>Why we love it:</strong> Each new leaf is visibly bigger than the last. When humidity and warmth are right, this plant grows fast and looks unreal.</p>",Botanica,Indoor Plant,"care-expert, light-bright, pet-toxic, humidity-loving, shelf-plant, floor-plant, tall-upward, water-weekly, rare, color-green, color-white, size-desk",TRUE,Size,6"" Pot,PLANT-ALP-06,5200,6500,continue,https://images.unsplash.com/photo-1631217868264-e5b90bbde161?w=800,Alocasia Polly with white-veined leaves,active
spider-plant,Spider Plant,"<p>Chlorophytum comosum — the nostalgic favorite with arching ribbon-like leaves and cascading babies on long stems. The gift that keeps on giving, generation after generation.</p><p><strong>Why we love it:</strong> Those baby plantlets. Pot them up, gift them, start a plant empire from a single mother plant. Pet-safe and air-purifying.</p>",Botanica,Hanging Plant,"care-easy, light-medium, pet-safe, air-purifying, hanging-plant, vine-trailing, water-weekly, beginner, fast-growing, color-green, color-white, size-mini",TRUE,Size,5"" Hanging,PLANT-SPI-05,2000,2500,continue,https://images.unsplash.com/photo-1572688484438-313aa0e04e7e?w=800,Spider Plant with babies cascading,active
rubber-plant-burgundy,Burgundy Rubber Plant,"<p>Ficus elastica 'Burgundy' — leaves the color of black cherry, each one emerging from a crimson sheath like a secret being revealed. A Victorian conservatory staple for the modern loft.</p><p><strong>Why we love it:</strong> That moment when a new leaf unfurls from its bright red sheath. Never gets old. The deeper the burgundy, the happier the plant.</p>",Botanica,Indoor Tree,"care-medium, light-bright, pet-toxic, floor-plant, tall-upward, water-weekly, color-green, color-purple, color-black, size-floor",TRUE,Size,8"" Pot,PLANT-RUB-08,4800,6000,continue,https://images.unsplash.com/photo-1606904591826-4d4f0f4e4f7d?w=800,Burgundy Rubber Plant with dark leaves,active
calathea-orbifolia,Calathea Orbifolia,"<p>The diva of the Calathea world. Silver-green stripes radiate across round leaves the size of salad plates, which fold upward at night like praying hands. Absolutely stunning, absolutely demanding.</p><p><strong>Why we love it:</strong> When you nail the humidity and distilled-water routine, the foliage payoff is unmatched. A living piece of art.</p>",Botanica,Indoor Plant,"care-expert, light-medium, pet-safe, humidity-loving, shelf-plant, tabletop-plant, bushy, water-weekly, rare, color-silver, color-green, color-patterns, size-desk",TRUE,Size,6"" Pot,PLANT-CAL-06,4200,5200,continue,https://images.unsplash.com/photo-1622663319041-4b0b0f0e0f80?w=800,Calathea Orbifolia with silver-striped leaves,active
chinese-money-plant,Chinese Money Plant,"<p>Pilea peperomioides — pancake-flat circular leaves on delicate stems, a symbol of prosperity and friendship. Passed from friend to friend for generations, it's the original social-media plant.</p><p><strong>Why we love it:</strong> Constantly produces pups (baby plants) around its base. Pop them out, pot them up, and you have gifts for everyone you know.</p>",Botanica,Indoor Plant,"care-easy, light-medium, pet-safe, tabletop-plant, windowsill-plant, bushy, water-weekly, beginner, fast-growing, color-green, size-mini",TRUE,Size,4"" Pot,PLANT-CMP-04,2200,2800,continue,https://images.unsplash.com/photo-1614594609220-07929c8e2f0d?w=800,Chinese Money Plant on windowsill,active
jade-plant,Jade Plant,"<p>Crassula ovata — thick, fleshy oval leaves on a bonsai-like trunk. A symbol of good luck and prosperity, this succulent can live for decades, passed down through generations.</p><p><strong>Why we love it:</strong> With enough light, the leaf edges blush a soft red. It thrives on neglect and looks better with age — the definition of a legacy plant.</p>",Botanica,Succulent,"care-easy, light-bright, pet-toxic, tabletop-plant, windowsill-plant, bushy, water-3weeks, beginner, color-green, color-red, size-mini",TRUE,Size,4"" Pot,PLANT-JAD-04,1800,2200,continue,https://images.unsplash.com/photo-1597306227030-bb0830b178d0?w=800,Jade Plant with thick glossy leaves,active
string-of-pearls,String of Pearls,"<p>Senecio rowleyanus — perfectly spherical green beads cascade from a hanging pot like a living beaded curtain. The most photogenic trailing plant in existence.</p><p><strong>Why we love it:</strong> Those perfect little peas. Each one is a modified leaf storing water — nature's engineering at its most elegant. Drape it high and watch it flow.</p>",Botanica,Succulent,"care-medium, light-bright, pet-toxic, hanging-plant, vine-trailing, water-biweekly, color-green, size-mini",TRUE,Size,4"" Hanging,PLANT-SOP-04,2600,3200,continue,https://images.unsplash.com/photo-1596808883170-8baf3d8b4c6c?w=800,String of Pearls cascading from hanging pot,active
anthurium-red,Anthurium Red Flamingo,"<p>Anthurium andraeanum — glossy heart-shaped red spathes with a curling yellow spadix, hovering above dark green leaves. Blooms last for months, making it the longest-flowering houseplant.</p><p><strong>Why we love it:</strong> Those waxy red blooms look almost fake — people will touch them to check. Each one lasts 8-12 weeks. A perpetual valentine.</p>",Botanica,Flowering Plant,"care-medium, light-medium, pet-toxic, tabletop-plant, shelf-plant, bushy, water-weekly, flowering, color-red, color-green, size-desk",TRUE,Size,5"" Pot,PLANT-ANR-05,3800,4500,continue,https://images.unsplash.com/photo-1603980656493-e3aa8f4a631a?w=800,Red Anthurium with glossy heart-shaped bloom,active
hoya-krimson-queen,Hoya Krimson Queen,"<p>Hoya carnosa 'Krimson Queen' — thick waxy leaves edged in cream and pink, growing on long twining vines. Produces clusters of star-shaped pink flowers that smell like chocolate at night.</p><p><strong>Why we love it:</strong> The pink new growth, the porcelain-like flowers, the chocolate fragrance. This plant is a sensory experience wrapped in a trailing vine.</p>",Botanica,Hanging Plant,"care-easy, light-bright, pet-safe, hanging-plant, vine-trailing, water-biweekly, flowering, rare, color-green, color-pink, color-white, size-mini",TRUE,Size,4"" Hanging,PLANT-HKQ-04,3400,4200,continue,https://images.unsplash.com/photo-1615998487295-14e93e3c6ea1?w=800,Hoya Krimson Queen with pink-variegated leaves,active
dracaena-song-of-india,Dracaena Song of India,"<p>Dracaena reflexa 'Song of India' — narrow, lance-shaped leaves striped in chartreuse and cream, radiating from sculptural stems. A living sculpture that thrives on filtered light.</p><p><strong>Why we love it:</strong> The architectural silhouette. Each stem is a vertical accent, and the variegation catches light like stained glass. Low-maintenance elegance.</p>",Botanica,Indoor Plant,"care-easy, light-medium, pet-toxic, floor-plant, shelf-plant, tall-upward, water-biweekly, beginner, color-green, color-variegation, color-white, size-floor",TRUE,Size,8"" Pot,PLANT-DSI-08,5500,6800,continue,https://images.unsplash.com/photo-1599033280809-679be39aa7e7?w=800,Dracaena Song of India with variegated leaves,active
philodendron-pink-princess,Philodendron Pink Princess,"<p>The crown jewel of philodendron collecting. Deep burgundy-black leaves splashed with bubblegum pink variegation — no two leaves the same, every new unfurl a lottery ticket.</p><p><strong>Why we love it:</strong> The pink. That impossible, vivid, Barbie-dream-house pink, emerging from leaves so dark they're almost black. The most Instagrammable plant alive.</p>",Botanica,Indoor Plant,"care-medium, light-bright, pet-toxic, tabletop-plant, shelf-plant, tall-upward, water-weekly, rare, variegated, color-pink, color-purple, color-black, size-desk",TRUE,Size,4"" Pot,PLANT-PPP-04,6500,8500,continue,https://images.unsplash.com/photo-1615937724784-7f5d591402d8?w=800,Philodendron Pink Princess with pink variegation,active
aloe-vera,Aloe Vera,"<p>Aloe barbadensis miller — the original medicinal plant, with fleshy serrated leaves filled with cooling gel. A kitchen windowsill essential for burns, cuts, and skincare routines.</p><p><strong>Why we love it:</strong> Snap off a leaf, squeeze out the gel, and soothe a sunburn instantly. Beauty, utility, and nearly impossible to kill — the original multitasker.</p>",Botanica,Succulent,"care-easy, light-bright, pet-toxic, tabletop-plant, windowsill-plant, upright-rosette, water-3weeks, beginner, color-green, size-mini",TRUE,Size,4"" Pot,PLANT-ALV-04,1600,2000,continue,https://images.unsplash.com/photo-1596547609652-8cf1290ba3f3?w=800,Aloe Vera plant in terracotta pot,active
monstera-thai-constellation,Monstera Thai Constellation,"<p>The holy grail of Monstera collecting. Genetically stable cream-and-green variegation creates a constellation map across each leaf — a living piece of botanical art that holds its value.</p><p><strong>Why we love it:</strong> Tissue-cultured for stable variegation — no reverting to solid green. Each leaf is a permanent celestial map, and the plant appreciates in value as it grows.</p>",Botanica,Indoor Plant,"care-expert, light-bright, pet-toxic, floor-plant, tall-upward, water-weekly, rare, variegated, color-green, color-white, color-variegation, size-floor",TRUE,Size,4"" Pot,PLANT-MTC-04,12000,15000,continue,https://images.unsplash.com/photo-1632598478817-9c0d8e29f1e0?w=800,Monstera Thai Constellation with cream variegation,active
boston-fern,Boston Fern,"<p>Nephrolepis exaltata — the classic Victorian parlor fern with cascading feather-like fronds. A humidity-loving shower plant that transforms bathrooms into tropical retreats.</p><p><strong>Why we love it:</strong> That lush, feathery volume. Hang it in a bathroom with a window and watch it explode into a fountain of green. The ultimate shower plant.</p>",Botanica,Fern,"care-medium, light-medium, pet-safe, humidity-loving, hanging-plant, bushy, water-weekly, air-purifying, color-green, size-desk",TRUE,Size,6"" Hanging,PLANT-BFE-06,3200,4000,continue,https://images.unsplash.com/photo-1599585957314-62501e23e631?w=800,Boston Fern with cascading fronds,active
staghorn-fern,Staghorn Fern,"<p>Platycerium bifurcatum — antler-shaped fronds that mount on wooden boards like living wall art. An epiphyte that grows on trees in nature, needing no soil — just humidity and bright indirect light.</p><p><strong>Why we love it:</strong> Mount it on a board, hang it on the wall. It's a living sculpture that breaks every rule about what a houseplant should look like. Conversation starter guaranteed.</p>",Botanica,Fern,"care-medium, light-medium, pet-safe, humidity-loving, hanging-plant, bushy, water-weekly, rare, color-green, color-silver, size-desk",TRUE,Size,6"" Mounted,PLANT-STF-06,4500,5500,continue,https://images.unsplash.com/photo-1609624778680-5b5d49b5c3d3?w=800,Staghorn Fern mounted on wooden board,active
fishbone-cactus,Fishbone Cactus,"<p>Epiphyllum anguliger — zigzag leaves that look like fishbones, cascading from a hanging pot. Produces enormous fragrant white flowers that bloom for a single magical night.</p><p><strong>Why we love it:</strong> The silhouette. Those cartoonish zigzag leaves are pure whimsy. And when it blooms — a hand-sized white flower that fills the room with vanilla fragrance at midnight.</p>",Botanica,Cactus,"care-easy, light-medium, pet-safe, hanging-plant, vine-trailing, water-biweekly, flowering, rare, color-green, size-mini",TRUE,Size,4"" Hanging,PLANT-FBC-04,2800,3500,continue,https://images.unsplash.com/photo-1611427896132-bfc2122aeaa3?w=800,Fishbone Cactus with zigzag leaves,active
